source,rotation_seconds,action_index,traffic,result,evidence_match,transport_key_id,request_payload_bytes,response_payload_bytes,application_payload_bytes,request_encrypted_frame_bytes,response_encrypted_frame_bytes,encrypted_frame_bytes,key_fetch_ms,app_elapsed_ms
one_hour_anchor,60,1,message,PASS,PASS,KID-024,22,14,36,7821,8083,15904,0.0059818848967552185,37.0
one_hour_anchor,60,2,file,PASS,PASS,KID-024,4335,0,4335,12130,8059,20189,0.018220162019133568,31.0
one_hour_anchor,60,3,openweb,PASS,PASS,KID-025,168,321885,322053,7994,329997,337991,81.53353701345623,971.0
one_hour_anchor,60,4,message,PASS,PASS,KID-025,22,14,36,7821,8083,15904,0.005797017365694046,36.0
one_hour_anchor,60,5,file,PASS,PASS,KID-025,4335,0,4335,12131,8061,20192,0.006719958037137985,15.0
one_hour_anchor,60,6,openweb,PASS,PASS,KID-025,168,321885,322053,7995,329999,337994,0.016703037545084953,1042.0
one_hour_anchor,60,7,message,PASS,PASS,KID-025,22,14,36,7822,8085,15907,0.005367910489439964,49.0
one_hour_anchor,60,8,file,PASS,PASS,KID-026,4335,0,4335,12131,8061,20192,39.686085190624,31.0
one_hour_anchor,60,9,openweb,PASS,PASS,KID-026,168,321885,322053,7995,329999,337994,0.018113991245627403,646.0
one_hour_anchor,60,10,message,PASS,PASS,KID-026,23,14,37,7823,8085,15908,0.017674872651696205,37.0
one_hour_anchor,60,11,file,PASS,PASS,KID-026,4336,0,4336,12132,8061,20193,0.017932849004864693,15.0
one_hour_anchor,60,12,openweb,PASS,PASS,KID-027,168,321885,322053,7995,329999,337994,57.7366619836539,1023.0
one_hour_anchor,60,13,message,PASS,PASS,KID-027,23,14,37,7823,8085,15908,0.017413869500160217,38.0
one_hour_anchor,60,14,file,PASS,PASS,KID-027,4336,0,4336,12132,8061,20193,0.01744902692735195,16.0
one_hour_anchor,60,15,openweb,PASS,PASS,KID-027,168,321885,322053,7995,329999,337994,0.01849886029958725,847.0
one_hour_anchor,60,16,message,PASS,PASS,KID-027,23,14,37,7823,8085,15908,0.006584916263818741,37.0
one_hour_anchor,60,17,file,PASS,PASS,KID-028,4336,0,4336,12132,8061,20193,51.56815401278436,31.0
one_hour_anchor,60,18,openweb,PASS,PASS,KID-028,168,321885,322053,7995,329999,337994,0.015810132026672363,718.0
one_hour_anchor,60,19,message,PASS,PASS,KID-028,23,14,37,7823,8085,15908,0.005743000656366348,36.0
one_hour_anchor,60,20,file,PASS,PASS,KID-028,4336,0,4336,12132,8061,20193,0.01794402487576008,23.0
one_hour_anchor,60,21,openweb,PASS,PASS,KID-028,168,321885,322053,7995,329999,337994,0.005633104592561722,720.0
one_hour_anchor,60,22,message,PASS,PASS,KID-029,23,14,37,7823,8085,15908,35.17336002551019,47.0
one_hour_anchor,60,23,file,PASS,PASS,KID-029,4336,0,4336,12132,8061,20193,0.018110964447259903,32.0
one_hour_anchor,60,24,openweb,PASS,PASS,KID-029,168,321885,322053,7995,329999,337994,0.006840098649263382,883.0
one_hour_anchor,60,25,message,PASS,PASS,KID-029,23,14,37,7823,8085,15908,0.005809124559164047,37.0
one_hour_anchor,60,26,file,PASS,PASS,KID-029,4336,0,4336,12132,8061,20193,0.017546815797686577,16.0
one_hour_anchor,60,27,openweb,PASS,PASS,KID-030,168,321885,322053,7995,329999,337994,0.01773703843355179,688.0
one_hour_anchor,60,28,message,PASS,PASS,KID-030,23,14,37,7823,8085,15908,0.005850102752447128,36.0
one_hour_anchor,60,29,file,PASS,PASS,KID-030,4336,0,4336,12132,8061,20193,0.01859990879893303,16.0
one_hour_anchor,60,30,openweb,PASS,PASS,KID-030,168,321885,322053,7995,329999,337994,0.017244135960936546,654.0
one_hour_anchor,60,31,message,PASS,PASS,KID-031,23,14,37,7823,8085,15908,46.60608386620879,37.0
one_hour_anchor,60,32,file,PASS,PASS,KID-031,4336,0,4336,12132,8061,20193,0.0182220246642828,15.0
one_hour_anchor,60,33,openweb,PASS,PASS,KID-031,168,321885,322053,7995,329999,337994,0.01740502193570137,819.0
one_hour_anchor,60,34,message,PASS,PASS,KID-031,23,14,37,7823,8085,15908,0.0061800237745046616,27.0
one_hour_anchor,60,35,file,PASS,PASS,KID-031,4336,0,4336,12132,8061,20193,0.005119945853948593,0.0
one_hour_anchor,60,36,openweb,PASS,PASS,KID-032,168,321885,322053,7995,329999,337994,0.017940998077392578,1069.0
one_hour_anchor,60,37,message,PASS,PASS,KID-032,23,14,37,7823,8085,15908,0.017873011529445648,36.0
one_hour_anchor,60,38,file,PASS,PASS,KID-032,4336,0,4336,12132,8061,20193,0.005082925781607628,27.0
one_hour_anchor,60,39,openweb,PASS,PASS,KID-032,168,321885,322053,7995,329999,337994,0.017609912902116776,813.0
one_hour_anchor,60,40,message,PASS,PASS,KID-033,23,14,37,7823,8085,15908,0.017846934497356415,36.0
one_hour_anchor,60,41,file,PASS,PASS,KID-033,4336,0,4336,12132,8061,20193,0.015374040231108665,28.0
one_hour_anchor,60,42,openweb,PASS,PASS,KID-033,168,321885,322053,7995,329999,337994,0.01856801100075245,958.0
one_hour_anchor,60,43,message,PASS,PASS,KID-033,23,14,37,7823,8085,15908,0.018886057659983635,37.0
one_hour_anchor,60,44,file,PASS,PASS,KID-034,4336,0,4336,12132,8061,20193,0.0058158766478300095,15.0
one_hour_anchor,60,45,openweb,PASS,PASS,KID-034,168,321885,322053,7995,329999,337994,0.018322141841053963,688.0
one_hour_anchor,60,46,message,PASS,PASS,KID-034,23,14,37,7823,8085,15908,0.01863297075033188,53.0
one_hour_anchor,60,47,file,PASS,PASS,KID-034,4336,0,4336,12132,8061,20193,0.017602229490876198,24.0
one_hour_anchor,60,48,openweb,PASS,PASS,KID-035,168,321885,322053,7995,329999,337994,0.006422167643904686,813.0
one_hour_anchor,60,49,message,PASS,PASS,KID-035,23,14,37,7823,8085,15908,0.005593989044427872,36.0
one_hour_anchor,60,50,file,PASS,PASS,KID-035,4336,0,4336,12132,8061,20193,0.01844298094511032,28.0
one_hour_anchor,60,51,openweb,PASS,PASS,KID-035,168,321885,322053,7995,329999,337994,0.018418999388813972,763.0
one_hour_anchor,60,52,message,PASS,PASS,KID-036,23,14,37,7823,8085,15908,0.018876977264881134,37.0
one_hour_anchor,60,53,file,PASS,PASS,KID-036,4336,0,4336,12132,8061,20193,0.017985934391617775,15.0
one_hour_anchor,60,54,openweb,PASS,PASS,KID-036,168,321885,322053,7995,329999,337994,0.018870923668146133,1513.0
one_hour_anchor,60,55,message,PASS,PASS,KID-036,23,14,37,7823,8085,15908,0.0181710347533226,36.0
one_hour_anchor,60,56,file,PASS,PASS,KID-037,4336,0,4336,12132,8061,20193,0.018653925508260727,15.0
one_hour_anchor,60,57,openweb,PASS,PASS,KID-037,168,321885,322053,7995,329999,337994,0.0059800222516059875,669.0
one_hour_anchor,60,58,message,PASS,PASS,KID-037,23,14,37,7823,8085,15908,0.01960108056664467,24.0
one_hour_anchor,60,59,file,PASS,PASS,KID-037,4336,0,4336,12132,8061,20193,0.019756844267249107,15.0
one_hour_anchor,60,60,openweb,PASS,PASS,KID-038,168,321885,322053,7995,329999,337994,0.015842029824852943,727.0
one_hour_anchor,60,61,message,PASS,PASS,KID-038,23,14,37,7823,8085,15908,0.006744172424077988,37.0
one_hour_anchor,60,62,file,PASS,PASS,KID-038,4336,0,4336,12132,8061,20193,0.005745096132159233,26.0
one_hour_anchor,60,63,openweb,PASS,PASS,KID-038,168,321885,322053,7995,329999,337994,0.008683884516358376,1060.0
one_hour_anchor,60,64,message,PASS,PASS,KID-039,23,14,37,7823,8085,15908,0.0054710544645786285,34.0
one_hour_anchor,60,65,file,PASS,PASS,KID-039,4336,0,4336,12132,8061,20193,0.005370005965232849,15.0
one_hour_anchor,60,66,openweb,PASS,PASS,KID-039,168,321885,322053,7995,329999,337994,0.01805787906050682,841.0
one_hour_anchor,60,67,message,PASS,PASS,KID-039,23,14,37,7823,8085,15908,0.01620291732251644,36.0
one_hour_anchor,60,68,file,PASS,PASS,KID-040,4336,0,4336,12132,8061,20193,42.73392679169774,11.0
one_hour_anchor,60,69,openweb,PASS,PASS,KID-040,168,321885,322053,7995,329999,337994,0.01826183870434761,771.0
one_hour_anchor,60,70,message,PASS,PASS,KID-040,23,14,37,7823,8085,15908,0.010082963854074478,50.0
one_hour_anchor,60,71,file,PASS,PASS,KID-040,4336,0,4336,12132,8061,20193,0.005822163075208664,19.0
one_hour_anchor,60,72,openweb,PASS,PASS,KID-041,168,321885,322053,7995,329999,337994,46.73078004270792,956.0
one_hour_anchor,60,73,message,PASS,PASS,KID-041,23,14,37,7823,8085,15908,0.01828698441386223,37.0
one_hour_anchor,60,74,file,PASS,PASS,KID-041,4336,0,4336,12132,8061,20193,0.006047077476978302,15.0
one_hour_anchor,60,75,openweb,PASS,PASS,KID-041,168,321885,322053,7995,329999,337994,0.015954021364450455,1438.0
one_hour_anchor,60,76,message,PASS,PASS,KID-041,23,14,37,7823,8085,15908,0.017549144104123116,36.0
one_hour_anchor,60,77,file,PASS,PASS,KID-042,4336,0,4336,12133,8063,20196,0.018894905224442482,16.0
one_hour_anchor,60,78,openweb,PASS,PASS,KID-042,168,321885,322053,7996,330001,337997,0.0056908465921878815,854.0
one_hour_anchor,60,79,message,PASS,PASS,KID-042,23,14,37,7824,8087,15911,0.007350929081439972,37.0
one_hour_anchor,60,80,file,PASS,PASS,KID-042,4336,0,4336,12133,8063,20196,0.005749054253101349,29.0
one_hour_anchor,60,81,openweb,PASS,PASS,KID-043,168,321885,322053,7996,330001,337997,0.005261972546577454,752.0
one_hour_anchor,60,82,message,PASS,PASS,KID-043,23,14,37,7824,8087,15911,0.0055229756981134415,31.0
one_hour_anchor,60,83,file,PASS,PASS,KID-043,4336,0,4336,12133,8063,20196,0.018287915736436844,13.0
one_hour_anchor,60,84,openweb,PASS,PASS,KID-043,168,321885,322053,7996,330001,337997,0.010482966899871826,758.0
one_hour_anchor,60,85,message,PASS,PASS,KID-044,23,14,37,7824,8087,15911,0.0052300747483968735,38.0
one_hour_anchor,60,86,file,PASS,PASS,KID-044,4336,0,4336,12133,8063,20196,0.019351020455360413,15.0
one_hour_anchor,60,87,openweb,PASS,PASS,KID-044,168,321885,322053,7996,330001,337997,0.0055390410125255585,753.0
one_hour_anchor,60,88,message,PASS,PASS,KID-044,23,14,37,7824,8087,15911,0.006610993295907974,37.0
one_hour_anchor,60,89,file,PASS,PASS,KID-045,4336,0,4336,12133,8063,20196,0.017685117200016975,25.0
one_hour_anchor,60,90,openweb,PASS,PASS,KID-045,168,321885,322053,7996,330001,337997,0.01597893424332142,896.0
one_hour_anchor,60,91,message,PASS,PASS,KID-045,23,14,37,7824,8087,15911,0.007553026080131531,53.0
one_hour_anchor,60,92,file,PASS,PASS,KID-045,4336,0,4336,12133,8063,20196,0.017832964658737183,29.0
one_hour_anchor,60,93,openweb,PASS,PASS,KID-046,168,321885,322053,7996,330001,337997,0.005823792889714241,845.0
one_hour_anchor,60,94,message,PASS,PASS,KID-046,23,14,37,7824,8087,15911,0.024385983124375343,54.0
one_hour_anchor,60,95,file,PASS,PASS,KID-046,4336,0,4336,12133,8063,20196,0.018679071217775345,31.0
one_hour_anchor,60,96,openweb,PASS,PASS,KID-046,168,321885,322053,7996,330001,337997,0.017004087567329407,942.0
one_hour_anchor,60,97,message,PASS,PASS,KID-047,23,14,37,7824,8087,15911,0.005718087777495384,36.0
one_hour_anchor,60,98,file,PASS,PASS,KID-047,4336,0,4336,12133,8063,20196,0.016413861885666847,6.0
one_hour_anchor,60,99,openweb,PASS,PASS,KID-047,168,321885,322053,7996,330001,337997,0.01732679083943367,989.0
one_hour_anchor,60,100,message,PASS,PASS,KID-047,24,14,38,7825,8087,15912,0.018693041056394577,49.0
one_hour_anchor,60,101,file,PASS,PASS,KID-048,4337,0,4337,12134,8063,20197,0.017973128706216812,15.0
one_hour_anchor,60,102,openweb,PASS,PASS,KID-048,168,321885,322053,7996,330001,337997,0.01874915324151516,1131.0
one_hour_anchor,60,103,message,PASS,PASS,KID-048,24,14,38,7825,8087,15912,0.0186010729521513,53.0
one_hour_anchor,60,104,file,PASS,PASS,KID-048,4337,0,4337,12134,8063,20197,0.006903894245624542,31.0
one_hour_anchor,60,105,openweb,PASS,PASS,KID-049,168,321885,322053,7996,330001,337997,0.016288133338093758,871.0
one_hour_anchor,60,106,message,PASS,PASS,KID-049,24,14,38,7825,8087,15912,0.018052058294415474,36.0
one_hour_anchor,60,107,file,PASS,PASS,KID-049,4337,0,4337,12134,8063,20197,0.006060115993022919,15.0
one_hour_anchor,60,108,openweb,PASS,PASS,KID-049,168,321885,322053,7996,330001,337997,0.0051478855311870575,788.0
one_hour_anchor,60,109,message,PASS,PASS,KID-050,24,14,38,7825,8087,15912,0.01912890002131462,24.0
one_hour_anchor,60,110,file,PASS,PASS,KID-050,4337,0,4337,12134,8063,20197,0.010105082765221596,17.0
one_hour_anchor,60,111,openweb,PASS,PASS,KID-050,168,321885,322053,7996,330001,337997,0.02611614763736725,777.0
one_hour_anchor,60,112,message,PASS,PASS,KID-050,24,14,38,7825,8087,15912,0.01984182745218277,29.0
one_hour_anchor,60,113,file,PASS,PASS,KID-051,4337,0,4337,12134,8063,20197,49.26895420067012,16.0
one_hour_anchor,60,114,openweb,PASS,PASS,KID-051,168,321885,322053,7996,330001,337997,0.006495974957942963,800.0
one_hour_anchor,60,115,message,PASS,PASS,KID-051,24,14,38,7825,8087,15912,0.018765218555927277,51.0
one_hour_anchor,60,116,file,PASS,PASS,KID-051,4337,0,4337,12134,8063,20197,0.007570022717118263,31.0
one_hour_anchor,60,117,openweb,PASS,PASS,KID-052,168,321885,322053,7996,330001,337997,63.93260904587805,850.0
one_hour_anchor,60,118,message,PASS,PASS,KID-052,24,14,38,7825,8087,15912,0.011135125532746315,37.0
one_hour_anchor,60,119,file,PASS,PASS,KID-052,4337,0,4337,12134,8063,20197,0.01782202161848545,15.0
one_hour_anchor,60,120,openweb,PASS,PASS,KID-052,168,321885,322053,7996,330001,337997,0.008999137207865715,800.0
one_hour_anchor,60,121,message,PASS,PASS,KID-052,24,14,38,7825,8087,15912,0.018393155187368393,28.0
one_hour_anchor,60,122,file,PASS,PASS,KID-053,4337,0,4337,12134,8063,20197,0.043662963435053825,15.0
one_hour_anchor,60,123,openweb,PASS,PASS,KID-053,168,321885,322053,7996,330001,337997,0.005354173481464386,891.0
one_hour_anchor,60,124,message,PASS,PASS,KID-053,24,14,38,7825,8087,15912,0.018551014363765717,36.0
one_hour_anchor,60,125,file,PASS,PASS,KID-053,4337,0,4337,12134,8063,20197,0.01771608367562294,15.0
one_hour_anchor,60,126,openweb,PASS,PASS,KID-054,168,321885,322053,7996,330001,337997,0.0057229772210121155,756.0
one_hour_anchor,60,127,message,PASS,PASS,KID-054,24,14,38,7825,8087,15912,0.018249033018946648,37.0
one_hour_anchor,60,128,file,PASS,PASS,KID-054,4337,0,4337,12134,8063,20197,0.019070925191044807,15.0
one_hour_anchor,60,129,openweb,PASS,PASS,KID-054,168,321885,322053,7996,330001,337997,0.01830700784921646,625.0
one_hour_anchor,60,130,message,PASS,PASS,KID-055,24,14,38,7825,8087,15912,0.006870133802294731,54.0
one_hour_anchor,60,131,file,PASS,PASS,KID-055,4337,0,4337,12134,8063,20197,0.008643139153718948,16.0
one_hour_anchor,60,132,openweb,PASS,PASS,KID-055,168,321885,322053,7996,330001,337997,0.017937971279025078,713.0
one_hour_anchor,60,133,message,PASS,PASS,KID-055,24,14,38,7825,8087,15912,0.005743931978940964,38.0
one_hour_anchor,60,134,file,PASS,PASS,KID-056,4337,0,4337,12134,8063,20197,0.0184779055416584,15.0
one_hour_anchor,60,135,openweb,PASS,PASS,KID-056,168,321885,322053,7996,330001,337997,0.018271151930093765,849.0
one_hour_anchor,60,136,message,PASS,PASS,KID-056,24,14,38,7825,8087,15912,0.01888396218419075,36.0
one_hour_anchor,60,137,file,PASS,PASS,KID-056,4337,0,4337,12134,8063,20197,0.005515990778803825,15.0
one_hour_anchor,60,138,openweb,PASS,PASS,KID-057,168,321885,322053,7996,330001,337997,0.005924142897129059,1127.0
one_hour_anchor,60,139,message,PASS,PASS,KID-057,24,14,38,7825,8087,15912,0.006370013579726219,53.0
one_hour_anchor,60,140,file,PASS,PASS,KID-057,4337,0,4337,12134,8063,20197,0.01964997500181198,31.0
one_hour_anchor,60,141,openweb,PASS,PASS,KID-057,168,321885,322053,7996,330001,337997,0.0067979563027620316,974.0
one_hour_anchor,60,142,message,PASS,PASS,KID-058,24,14,38,7825,8087,15912,0.005987007170915604,37.0
one_hour_anchor,60,143,file,PASS,PASS,KID-058,4337,0,4337,12134,8063,20197,0.01863786019384861,15.0
one_hour_anchor,60,144,openweb,PASS,PASS,KID-058,168,321885,322053,7996,330001,337997,0.005875946953892708,847.0
one_hour_anchor,60,145,message,PASS,PASS,KID-058,24,14,38,7825,8087,15912,0.01868186518549919,37.0
one_hour_anchor,60,146,file,PASS,PASS,KID-059,4337,0,4337,12134,8063,20197,0.017931917682290077,16.0
one_hour_anchor,60,147,openweb,PASS,PASS,KID-059,168,321885,322053,7996,330001,337997,0.007263850420713425,829.0
one_hour_anchor,60,148,message,PASS,PASS,KID-059,24,14,38,7825,8087,15912,0.0075749121606349945,39.0
one_hour_anchor,60,149,file,PASS,PASS,KID-059,4337,0,4337,12134,8063,20197,0.017886050045490265,15.0
one_hour_anchor,60,150,openweb,PASS,PASS,KID-060,168,321885,322053,7996,330001,337997,0.017456011846661568,697.0
one_hour_anchor,60,151,message,PASS,PASS,KID-060,24,14,38,7825,8087,15912,0.019126106053590775,34.0
one_hour_anchor,60,152,file,PASS,PASS,KID-060,4337,0,4337,12134,8063,20197,0.017188023775815964,31.0
one_hour_anchor,60,153,openweb,PASS,PASS,KID-060,168,321885,322053,7996,330001,337997,0.01817988231778145,682.0
one_hour_anchor,60,154,message,PASS,PASS,KID-061,24,14,38,7825,8087,15912,0.019026920199394226,53.0
one_hour_anchor,60,155,file,PASS,PASS,KID-061,4337,0,4337,12134,8063,20197,0.018650898709893227,15.0
one_hour_anchor,60,156,openweb,PASS,PASS,KID-061,168,321885,322053,7996,330001,337997,0.005641020834445953,812.0
one_hour_anchor,60,157,message,PASS,PASS,KID-061,24,14,38,7825,8087,15912,0.006544869393110275,37.0
one_hour_anchor,60,158,file,PASS,PASS,KID-062,4337,0,4337,12134,8063,20197,0.006051966920495033,25.0
one_hour_anchor,60,159,openweb,PASS,PASS,KID-062,168,321885,322053,7996,330001,337997,0.005476875230669975,750.0
one_hour_anchor,60,160,message,PASS,PASS,KID-062,24,14,38,7825,8087,15912,0.018582912161946297,35.0
one_hour_anchor,60,161,file,PASS,PASS,KID-062,4337,0,4337,12134,8063,20197,0.005576992407441139,15.0
one_hour_anchor,60,162,openweb,PASS,PASS,KID-063,168,321885,322053,7996,330001,337997,60.07883604615927,1017.0
one_hour_anchor,60,163,message,PASS,PASS,KID-063,24,14,38,7825,8087,15912,0.018656020984053612,37.0
one_hour_anchor,60,164,file,PASS,PASS,KID-063,4337,0,4337,12134,8063,20197,0.018529128283262253,16.0
one_hour_anchor,60,165,openweb,PASS,PASS,KID-063,168,321885,322053,7996,330001,337997,0.005900859832763672,850.0
one_hour_anchor,60,166,message,PASS,PASS,KID-064,24,14,38,7825,8087,15912,72.43402511812747,33.0
one_hour_anchor,60,167,file,PASS,PASS,KID-064,4337,0,4337,12134,8063,20197,0.006713904440402985,32.0
one_hour_anchor,60,168,openweb,PASS,PASS,KID-064,168,321885,322053,7996,330001,337997,0.016874168068170547,757.0
one_hour_anchor,60,169,message,PASS,PASS,KID-064,24,14,38,7825,8087,15912,0.007058028131723404,53.0
one_hour_anchor,60,170,file,PASS,PASS,KID-064,4337,0,4337,12134,8063,20197,0.006149988621473312,15.0
one_hour_anchor,60,171,openweb,PASS,PASS,KID-065,168,321885,322053,7996,330001,337997,0.0056140124797821045,749.0
one_hour_anchor,60,172,message,PASS,PASS,KID-065,24,14,38,7825,8087,15912,0.021859072148799896,52.0
one_hour_anchor,60,173,file,PASS,PASS,KID-065,4337,0,4337,12134,8063,20197,0.01906394027173519,15.0
one_hour_anchor,60,174,openweb,PASS,PASS,KID-065,168,321885,322053,7996,330001,337997,0.005980953574180603,904.0
one_hour_anchor,60,175,message,PASS,PASS,KID-066,24,14,38,7825,8087,15912,0.0056319404393434525,37.0
one_hour_anchor,60,176,file,PASS,PASS,KID-066,4337,0,4337,12134,8063,20197,0.006170943379402161,29.0
one_hour_anchor,60,177,openweb,PASS,PASS,KID-066,168,321885,322053,7996,330001,337997,0.017664162442088127,940.0
one_hour_anchor,60,178,message,PASS,PASS,KID-066,24,14,38,7825,8087,15912,0.007980037480592728,37.0
one_hour_anchor,60,179,file,PASS,PASS,KID-067,4337,0,4337,12134,8063,20197,0.0059229787439107895,15.0
one_hour_anchor,60,180,openweb,PASS,PASS,KID-067,168,321885,322053,7996,330001,337997,0.01738104037940502,847.0
one_hour_anchor,60,181,message,PASS,PASS,KID-067,24,14,38,7825,8087,15912,0.018802005797624588,51.0
one_hour_anchor,60,182,file,PASS,PASS,KID-067,4337,0,4337,12134,8063,20197,0.02021016553044319,31.0
one_hour_anchor,60,183,openweb,PASS,PASS,KID-068,168,321885,322053,7996,330001,337997,0.008211005479097366,878.0
one_hour_anchor,60,184,message,PASS,PASS,KID-068,24,14,38,7825,8087,15912,0.00865408219397068,37.0
one_hour_anchor,60,185,file,PASS,PASS,KID-068,4337,0,4337,12134,8063,20197,0.005556968972086906,13.0
one_hour_anchor,60,186,openweb,PASS,PASS,KID-068,168,321885,322053,7996,330001,337997,0.017110956832766533,566.0
one_hour_anchor,60,187,message,PASS,PASS,KID-069,24,14,38,7825,8087,15912,0.017694896087050438,40.0
one_hour_anchor,60,188,file,PASS,PASS,KID-069,4337,0,4337,12134,8063,20197,0.015435973182320595,31.0
one_hour_anchor,60,189,openweb,PASS,PASS,KID-069,168,321885,322053,7996,330001,337997,0.018707942217588425,1026.0
one_hour_anchor,60,190,message,PASS,PASS,KID-069,24,14,38,7825,8087,15912,0.018475111573934555,53.0
one_hour_anchor,60,191,file,PASS,PASS,KID-070,4337,0,4337,12134,8063,20197,0.0056710559874773026,15.0
one_hour_anchor,60,192,openweb,PASS,PASS,KID-070,168,321885,322053,7996,330001,337997,0.016671139746904373,782.0
one_hour_anchor,60,193,message,PASS,PASS,KID-070,24,14,38,7825,8087,15912,0.005623092874884605,37.0
one_hour_anchor,60,194,file,PASS,PASS,KID-070,4337,0,4337,12134,8063,20197,0.019249040633440018,13.0
one_hour_anchor,60,195,openweb,PASS,PASS,KID-071,168,321885,322053,7996,330001,337997,0.016042031347751617,770.0
one_hour_anchor,60,196,message,PASS,PASS,KID-071,24,14,38,7825,8087,15912,0.005686888471245766,34.0
one_hour_anchor,60,197,file,PASS,PASS,KID-071,4337,0,4337,12134,8063,20197,0.01764087937772274,23.0
one_hour_anchor,60,198,openweb,PASS,PASS,KID-071,168,321885,322053,7996,330001,337997,0.01757708378136158,722.0
one_hour_anchor,60,199,message,PASS,PASS,KID-072,24,14,38,7825,8087,15912,0.006265006959438324,37.0
one_hour_anchor,60,200,file,PASS,PASS,KID-072,4337,0,4337,12134,8063,20197,0.01902598887681961,15.0
one_hour_anchor,60,201,openweb,PASS,PASS,KID-072,168,321885,322053,7996,330001,337997,0.006549060344696045,855.0
one_hour_anchor,60,202,message,PASS,PASS,KID-072,24,14,38,7825,8087,15912,0.01974496990442276,36.0
one_hour_anchor,60,203,file,PASS,PASS,KID-073,4337,0,4337,12134,8063,20197,0.018208054825663567,13.0
one_hour_anchor,60,204,openweb,PASS,PASS,KID-073,168,321885,322053,7996,330001,337997,0.01981598325073719,797.0
one_hour_anchor,60,205,message,PASS,PASS,KID-073,24,14,38,7825,8087,15912,0.019178027287125587,35.0
one_hour_anchor,60,206,file,PASS,PASS,KID-073,4337,0,4337,12134,8063,20197,0.018013175576925278,15.0
one_hour_anchor,60,207,openweb,PASS,PASS,KID-074,168,321885,322053,7996,330001,337997,33.108252100646496,1054.0
one_hour_anchor,60,208,message,PASS,PASS,KID-074,24,14,38,7825,8087,15912,0.0056710559874773026,52.0
one_hour_anchor,60,209,file,PASS,PASS,KID-074,4337,0,4337,12134,8063,20197,0.005080830305814743,27.0
one_hour_anchor,60,210,openweb,PASS,PASS,KID-074,168,321885,322053,7996,330001,337997,0.017668819054961205,969.0
one_hour_anchor,60,211,message,PASS,PASS,KID-075,24,14,38,7825,8087,15912,39.28937087766826,37.0
one_hour_anchor,60,212,file,PASS,PASS,KID-075,4337,0,4337,12134,8063,20197,0.018870923668146133,17.0
one_hour_anchor,60,213,openweb,PASS,PASS,KID-075,168,321885,322053,7996,330001,337997,0.005590030923485756,860.0
one_hour_anchor,60,214,message,PASS,PASS,KID-075,24,14,38,7825,8087,15912,0.01885811798274517,37.0
one_hour_anchor,60,215,file,PASS,PASS,KID-075,4337,0,4337,12134,8063,20197,0.005854060873389244,16.0
one_hour_anchor,60,216,openweb,PASS,PASS,KID-076,168,321885,322053,7996,330001,337997,0.006302958354353905,734.0
one_hour_anchor,60,217,message,PASS,PASS,KID-076,24,14,38,7825,8087,15912,0.007634051144123077,37.0
one_hour_anchor,60,218,file,PASS,PASS,KID-076,4337,0,4337,12134,8063,20197,0.00954093411564827,28.0
one_hour_anchor,60,219,openweb,PASS,PASS,KID-076,168,321885,322053,7996,330001,337997,0.005483860149979591,829.0
one_hour_anchor,60,220,message,PASS,PASS,KID-077,24,14,38,7825,8087,15912,0.017843907698988914,36.0
one_hour_anchor,60,221,file,PASS,PASS,KID-077,4337,0,4337,12134,8063,20197,0.01826300285756588,25.0
one_hour_anchor,60,222,openweb,PASS,PASS,KID-077,168,321885,322053,7996,330001,337997,0.00551505945622921,819.0
one_hour_anchor,60,223,message,PASS,PASS,KID-077,24,14,38,7825,8087,15912,0.005799112841486931,36.0
one_hour_anchor,60,224,file,PASS,PASS,KID-078,4337,0,4337,12134,8063,20197,0.018579885363578796,27.0
one_hour_anchor,60,225,openweb,PASS,PASS,KID-078,168,321885,322053,7996,330001,337997,0.006130896508693695,769.0
one_hour_anchor,60,226,message,PASS,PASS,KID-078,24,14,38,7825,8087,15912,0.0192299485206604,50.0
one_hour_anchor,60,227,file,PASS,PASS,KID-078,4337,0,4337,12134,8063,20197,0.018457183614373207,15.0
one_hour_anchor,60,228,openweb,PASS,PASS,KID-079,168,321885,322053,7996,330001,337997,0.0061730388551950455,783.0
one_hour_anchor,60,229,message,PASS,PASS,KID-079,24,14,38,7825,8087,15912,0.007656170055270195,37.0
one_hour_anchor,60,230,file,PASS,PASS,KID-079,4337,0,4337,12134,8063,20197,0.018249033018946648,11.0
one_hour_anchor,60,231,openweb,PASS,PASS,KID-079,168,321885,322053,7996,330001,337997,0.01906394027173519,791.0
one_hour_anchor,60,232,message,PASS,PASS,KID-080,24,14,38,7825,8087,15912,0.0059248413890600204,52.0
one_hour_anchor,60,233,file,PASS,PASS,KID-080,4337,0,4337,12134,8063,20197,0.017742859199643135,31.0
one_hour_anchor,60,234,openweb,PASS,PASS,KID-080,168,321885,322053,7996,330001,337997,0.01825694926083088,832.0
one_hour_anchor,60,235,message,PASS,PASS,KID-080,24,14,38,7825,8087,15912,0.005593057721853256,37.0
one_hour_anchor,60,236,file,PASS,PASS,KID-081,4337,0,4337,12134,8063,20197,0.018936116248369217,15.0
one_hour_anchor,60,237,openweb,PASS,PASS,KID-081,168,321885,322053,7996,330001,337997,0.00592600554227829,785.0
one_hour_anchor,60,238,message,PASS,PASS,KID-081,24,14,38,7825,8087,15912,0.018134014680981636,37.0
one_hour_anchor,60,239,file,PASS,PASS,KID-081,4337,0,4337,12134,8063,20197,0.01834915019571781,31.0
one_hour_anchor,60,240,openweb,PASS,PASS,KID-082,168,321885,322053,7996,330001,337997,0.01729000359773636,796.0
rotation_30s,30,1,message,PASS,PASS,KID-083,151,14,165,8125,8257,16382,56.435593,48.0
rotation_30s,30,2,file,PASS,PASS,KID-083,4387,0,4387,12356,8233,20589,0.006589,15.0
rotation_30s,30,3,openweb,PASS,PASS,KID-083,307,321525,321832,8307,329811,338118,0.018828,754.0
rotation_30s,30,4,message,PASS,PASS,KID-083,151,14,165,8125,8257,16382,0.006443,46.0
rotation_30s,30,5,file,PASS,PASS,KID-084,4387,0,4387,12357,8235,20592,0.017898,31.0
rotation_30s,30,6,openweb,PASS,PASS,KID-084,307,321525,321832,8308,329813,338121,0.006092,707.0
rotation_30s,30,7,message,PASS,PASS,KID-084,151,14,165,8126,8259,16385,0.01927,37.0
rotation_30s,30,8,file,PASS,PASS,KID-085,4387,0,4387,12357,8235,20592,44.833307,15.0
rotation_30s,30,9,openweb,PASS,PASS,KID-085,307,321525,321832,8308,329813,338121,0.018711,704.0
rotation_30s,30,10,message,PASS,PASS,KID-085,152,14,166,8127,8259,16386,0.00702,40.0
rotation_30s,30,11,file,PASS,PASS,KID-086,4388,0,4388,12358,8235,20593,44.433793,16.0
rotation_30s,30,12,openweb,PASS,PASS,KID-086,307,321525,321832,8308,329813,338121,0.018419,720.0
rotation_30s,30,13,message,PASS,PASS,KID-086,152,14,166,8127,8259,16386,0.006497,52.0
rotation_30s,30,14,file,PASS,PASS,KID-087,4388,0,4388,12358,8235,20593,76.791689,15.0
rotation_30s,30,15,openweb,PASS,PASS,KID-087,307,321525,321832,8308,329813,338121,0.007811,786.0
rotation_30s,30,16,message,PASS,PASS,KID-087,152,14,166,8127,8259,16386,0.015256,36.0
rotation_30s,30,17,file,PASS,PASS,KID-087,4388,0,4388,12358,8235,20593,0.009658,14.0
rotation_30s,30,18,openweb,PASS,PASS,KID-088,307,321525,321832,8308,329813,338121,76.203177,1001.0
rotation_30s,30,19,message,PASS,PASS,KID-088,152,14,166,8127,8259,16386,0.02032,53.0
rotation_30s,30,20,file,PASS,PASS,KID-088,4388,0,4388,12358,8235,20593,0.017312,26.0
rotation_30s,30,21,openweb,PASS,PASS,KID-088,307,321525,321832,8308,329813,338121,0.025262,700.0
rotation_30s,30,22,message,PASS,PASS,KID-089,152,14,166,8127,8259,16386,38.408912,36.0
rotation_30s,30,23,file,PASS,PASS,KID-089,4388,0,4388,12358,8235,20593,0.017541,16.0
rotation_30s,30,24,openweb,PASS,PASS,KID-089,307,321524,321831,8308,329812,338120,0.007233,1482.0
rotation_30s,30,25,message,PASS,PASS,KID-090,152,14,166,8127,8259,16386,76.869502,45.0
rotation_30s,30,26,file,PASS,PASS,KID-090,4388,0,4388,12358,8235,20593,0.01927,16.0
rotation_30s,30,27,openweb,PASS,PASS,KID-090,307,321525,321832,8308,329813,338121,0.021133,767.0
rotation_30s,30,28,message,PASS,PASS,KID-090,152,14,166,8127,8259,16386,0.020087,48.0
rotation_30s,30,29,file,PASS,PASS,KID-091,4388,0,4388,12358,8235,20593,0.016268,16.0
rotation_30s,30,30,openweb,PASS,PASS,KID-091,307,321525,321832,8308,329813,338121,0.018713,702.0
rotation_30s,30,31,message,PASS,PASS,KID-091,152,14,166,8127,8259,16386,0.007397,53.0
rotation_30s,30,32,file,PASS,PASS,KID-092,4388,0,4388,12358,8235,20593,49.0399,15.0
rotation_30s,30,33,openweb,PASS,PASS,KID-092,307,321525,321832,8308,329813,338121,0.017749,731.0
rotation_30s,30,34,message,PASS,PASS,KID-092,152,14,166,8127,8259,16386,0.019723,33.0
rotation_30s,30,35,file,PASS,PASS,KID-093,4388,0,4388,12358,8235,20593,56.736736,15.0
rotation_30s,30,36,openweb,PASS,PASS,KID-093,307,321525,321832,8308,329813,338121,0.018824,740.0
rotation_30s,30,37,message,PASS,PASS,KID-093,152,14,166,8127,8259,16386,0.007657,37.0
rotation_30s,30,38,file,PASS,PASS,KID-093,4388,0,4388,12358,8235,20593,0.018851,15.0
rotation_30s,30,39,openweb,PASS,PASS,KID-094,307,321525,321832,8308,329813,338121,30.757281,850.0
rotation_30s,30,40,message,PASS,PASS,KID-094,152,14,166,8127,8259,16386,0.019017,36.0
rotation_30s,30,41,file,PASS,PASS,KID-094,4388,0,4388,12358,8235,20593,0.013411,32.0
rotation_30s,30,42,openweb,PASS,PASS,KID-094,307,321525,321832,8308,329813,338121,0.00585,791.0
rotation_30s,30,43,message,PASS,PASS,KID-095,152,14,166,8127,8259,16386,66.916278,36.0
rotation_30s,30,44,file,PASS,PASS,KID-095,4388,0,4388,12358,8235,20593,0.018019,13.0
rotation_30s,30,45,openweb,PASS,PASS,KID-095,307,321525,321832,8308,329813,338121,0.00625,764.0
rotation_30s,30,46,message,PASS,PASS,KID-096,152,14,166,8127,8259,16386,41.180834,36.0
rotation_30s,30,47,file,PASS,PASS,KID-096,4388,0,4388,12358,8235,20593,0.006396,21.0
rotation_30s,30,48,openweb,PASS,PASS,KID-096,307,321525,321832,8308,329813,338121,0.019463,768.0
rotation_30s,30,49,message,PASS,PASS,KID-097,152,14,166,8127,8259,16386,43.794407,34.0
rotation_30s,30,50,file,PASS,PASS,KID-097,4388,0,4388,12358,8235,20593,0.018542,16.0
rotation_30s,30,51,openweb,PASS,PASS,KID-097,307,321525,321832,8308,329813,338121,0.016842,799.0
rotation_30s,30,52,message,PASS,PASS,KID-097,152,14,166,8127,8259,16386,0.019482,53.0
rotation_30s,30,53,file,PASS,PASS,KID-098,4388,0,4388,12358,8235,20593,72.046049,15.0
rotation_30s,30,54,openweb,PASS,PASS,KID-098,307,321525,321832,8308,329813,338121,0.005912,1899.0
rotation_30s,30,55,message,PASS,PASS,KID-098,152,14,166,8127,8259,16386,0.018761,37.0
rotation_30s,30,56,file,PASS,PASS,KID-098,4388,0,4388,12358,8235,20593,0.01849,15.0
rotation_30s,30,57,openweb,PASS,PASS,KID-099,307,321525,321832,8308,329813,338121,67.393552,967.0
rotation_30s,30,58,message,PASS,PASS,KID-099,152,14,166,8127,8259,16386,0.006626,36.0
rotation_30s,30,59,file,PASS,PASS,KID-099,4388,0,4388,12358,8235,20593,0.017966,16.0
rotation_30s,30,60,openweb,PASS,PASS,KID-099,307,321525,321832,8308,329813,338121,0.018326,820.0
rotation_10s,10,1,message,PASS,PASS,KID-100,151,14,165,8126,8258,16384,54.301334,54.0
rotation_10s,10,2,file,PASS,PASS,KID-100,4387,0,4387,12357,8234,20591,0.018532,16.0
rotation_10s,10,3,openweb,PASS,PASS,KID-101,307,321525,321832,8308,329812,338120,0.019548,1168.0
rotation_10s,10,4,message,PASS,PASS,KID-102,151,14,165,8126,8258,16384,61.677219,37.0
rotation_10s,10,5,file,PASS,PASS,KID-102,4387,0,4387,12358,8236,20594,0.01884,16.0
rotation_10s,10,6,openweb,PASS,PASS,KID-103,307,321525,321832,8309,329814,338123,37.272609,1007.0
rotation_10s,10,7,message,PASS,PASS,KID-103,151,14,165,8127,8260,16387,0.006704,37.0
rotation_10s,10,8,file,PASS,PASS,KID-104,4387,0,4387,12358,8236,20594,43.529671,15.0
rotation_10s,10,9,openweb,PASS,PASS,KID-104,307,321525,321832,8309,329814,338123,0.007519,718.0
rotation_10s,10,10,message,PASS,PASS,KID-105,152,14,166,8128,8260,16388,41.507449,53.0
rotation_10s,10,11,file,PASS,PASS,KID-105,4388,0,4388,12359,8236,20595,0.006944,31.0
rotation_10s,10,12,openweb,PASS,PASS,KID-106,307,321525,321832,8309,329814,338123,57.341385,928.0
rotation_10s,10,13,message,PASS,PASS,KID-106,152,14,166,8128,8260,16388,0.006674,32.0
rotation_10s,10,14,file,PASS,PASS,KID-107,4388,0,4388,12359,8236,20595,67.205992,15.0
rotation_10s,10,15,openweb,PASS,PASS,KID-108,307,321525,321832,8309,329814,338123,37.325663,998.0
rotation_10s,10,16,message,PASS,PASS,KID-108,152,14,166,8128,8260,16388,0.008489,37.0
rotation_10s,10,17,file,PASS,PASS,KID-109,4388,0,4388,12359,8236,20595,42.205519,15.0
rotation_10s,10,18,openweb,PASS,PASS,KID-110,307,321525,321832,8309,329814,338123,0.006047,684.0
rotation_10s,10,19,message,PASS,PASS,KID-110,152,14,166,8128,8260,16388,0.020685,37.0
rotation_10s,10,20,file,PASS,PASS,KID-110,4388,0,4388,12359,8236,20595,0.019354,25.0
rotation_10s,10,21,openweb,PASS,PASS,KID-111,307,321525,321832,8309,329814,338123,59.826753,965.0
rotation_10s,10,22,message,PASS,PASS,KID-111,152,14,166,8128,8260,16388,0.010376,53.0
rotation_10s,10,23,file,PASS,PASS,KID-112,4388,0,4388,12359,8236,20595,75.052882,15.0
rotation_10s,10,24,openweb,PASS,PASS,KID-113,307,321525,321832,8309,329814,338123,83.964691,966.0
rotation_10s,10,25,message,PASS,PASS,KID-113,152,14,166,8128,8260,16388,0.020853,48.0
rotation_10s,10,26,file,PASS,PASS,KID-114,4388,0,4388,12359,8236,20595,49.294741,15.0
rotation_10s,10,27,openweb,PASS,PASS,KID-115,307,321525,321832,8309,329814,338123,70.0573,964.0
rotation_10s,10,28,message,PASS,PASS,KID-115,152,14,166,8128,8260,16388,0.019973,54.0
rotation_10s,10,29,file,PASS,PASS,KID-116,4388,0,4388,12359,8236,20595,66.002575,26.0
rotation_10s,10,30,openweb,PASS,PASS,KID-117,307,321525,321832,8309,329814,338123,78.87533,1028.0
rotation_10s,10,31,message,PASS,PASS,KID-117,152,14,166,8128,8260,16388,0.020487,37.0
rotation_10s,10,32,file,PASS,PASS,KID-118,4388,0,4388,12359,8236,20595,69.638986,18.0
rotation_10s,10,33,openweb,PASS,PASS,KID-118,307,321525,321832,8309,329814,338123,0.020294,714.0
rotation_10s,10,34,message,PASS,PASS,KID-119,152,14,166,8128,8260,16388,55.567077,36.0
rotation_10s,10,35,file,PASS,PASS,KID-120,4388,0,4388,12359,8236,20595,46.189428,15.0
rotation_10s,10,36,openweb,PASS,PASS,KID-120,307,321524,321831,8309,329813,338122,0.005381,630.0
rotation_10s,10,37,message,PASS,PASS,KID-121,152,14,166,8128,8260,16388,37.636298,37.0
rotation_10s,10,38,file,PASS,PASS,KID-121,4388,0,4388,12359,8236,20595,0.006585,15.0
rotation_10s,10,39,openweb,PASS,PASS,KID-122,307,321525,321832,8309,329814,338123,0.020858,759.0
rotation_10s,10,40,message,PASS,PASS,KID-123,152,14,166,8128,8260,16388,45.053893,34.0
rotation_10s,10,41,file,PASS,PASS,KID-123,4388,0,4388,12359,8236,20595,0.018427,31.0
rotation_10s,10,42,openweb,PASS,PASS,KID-124,307,321525,321832,8309,329814,338123,78.225965,931.0
rotation_10s,10,43,message,PASS,PASS,KID-124,152,14,166,8128,8260,16388,0.0087,50.0
rotation_10s,10,44,file,PASS,PASS,KID-125,4388,0,4388,12359,8236,20595,48.947685,15.0
rotation_10s,10,45,openweb,PASS,PASS,KID-126,307,321525,321832,8309,329814,338123,78.818527,908.0
rotation_10s,10,46,message,PASS,PASS,KID-126,152,14,166,8128,8260,16388,0.020328,37.0
rotation_10s,10,47,file,PASS,PASS,KID-127,4388,0,4388,12359,8236,20595,61.378603,15.0
rotation_10s,10,48,openweb,PASS,PASS,KID-128,307,321525,321832,8309,329814,338123,0.019708,747.0
rotation_10s,10,49,message,PASS,PASS,KID-128,152,14,166,8128,8260,16388,0.020717,37.0
rotation_10s,10,50,file,PASS,PASS,KID-128,4388,0,4388,12359,8236,20595,0.020458,32.0
rotation_10s,10,51,openweb,PASS,PASS,KID-129,307,321525,321832,8309,329814,338123,63.897497,895.0
rotation_10s,10,52,message,PASS,PASS,KID-129,152,14,166,8128,8260,16388,0.006524,36.0
rotation_10s,10,53,file,PASS,PASS,KID-129,4388,0,4388,12359,8236,20595,0.005645,16.0
rotation_10s,10,54,openweb,PASS,PASS,KID-130,307,321525,321832,8309,329814,338123,66.781811,1009.0
rotation_10s,10,55,message,PASS,PASS,KID-130,152,14,166,8128,8260,16388,0.010359,38.0
rotation_10s,10,56,file,PASS,PASS,KID-131,4388,0,4388,12359,8236,20595,67.602148,18.0
rotation_10s,10,57,openweb,PASS,PASS,KID-131,307,321525,321832,8309,329814,338123,0.017509,782.0
rotation_10s,10,58,message,PASS,PASS,KID-132,152,14,166,8128,8260,16388,45.144273,36.0
rotation_10s,10,59,file,PASS,PASS,KID-133,4388,0,4388,12359,8236,20595,52.269087,15.0
rotation_10s,10,60,openweb,PASS,PASS,KID-133,307,321525,321832,8309,329814,338123,0.013841,856.0
