trial,action_id,transport_key_id,payload_bytes,stream_chunk_size_limit,signed_chunk_count,qgp_envelope_bytes,encrypted_frame_bytes,sender_verdict,receiver_verdict
1,ACT-000100,KID-006,4096,512,8,69160,69752,PASS,PASS
2,ACT-000101,KID-006,4096,512,8,69160,69752,PASS,PASS
3,ACT-000102,KID-006,4096,512,8,69160,69752,PASS,PASS
4,ACT-000103,KID-006,4096,512,8,69160,69752,PASS,PASS
5,ACT-000104,KID-006,4096,512,8,69160,69752,PASS,PASS
6,ACT-000105,KID-006,4096,512,8,69160,69752,PASS,PASS
7,ACT-000106,KID-006,4096,512,8,69160,69752,PASS,PASS
8,ACT-000107,KID-006,4096,512,8,69160,69752,PASS,PASS
9,ACT-000108,KID-006,4096,512,8,69160,69752,PASS,PASS
10,ACT-000109,KID-006,4096,512,8,69161,69753,PASS,PASS
11,ACT-000110,KID-006,4096,512,8,69160,69752,PASS,PASS
12,ACT-000111,KID-006,4096,512,8,69168,69760,PASS,PASS
13,ACT-000112,KID-006,4096,512,8,69168,69760,PASS,PASS
14,ACT-000113,KID-006,4096,512,8,69168,69760,PASS,PASS
15,ACT-000114,KID-006,4096,512,8,69168,69760,PASS,PASS
16,ACT-000115,KID-006,4096,512,8,69168,69760,PASS,PASS
17,ACT-000116,KID-006,4096,512,8,69168,69760,PASS,PASS
18,ACT-000117,KID-006,4096,512,8,69168,69760,PASS,PASS
19,ACT-000118,KID-006,4096,512,8,69168,69760,PASS,PASS
20,ACT-000119,KID-006,4096,512,8,69168,69760,PASS,PASS
21,ACT-000120,KID-006,4096,512,8,69168,69760,PASS,PASS
22,ACT-000121,KID-006,4096,512,8,69168,69760,PASS,PASS
23,ACT-000122,KID-006,4096,512,8,69168,69760,PASS,PASS
24,ACT-000123,KID-006,4096,512,8,69168,69760,PASS,PASS
25,ACT-000124,KID-006,4096,512,8,69168,69760,PASS,PASS
26,ACT-000125,KID-006,4096,512,8,69168,69760,PASS,PASS
27,ACT-000126,KID-006,4096,512,8,69168,69760,PASS,PASS
28,ACT-000127,KID-006,4096,512,8,69168,69760,PASS,PASS
29,ACT-000128,KID-006,4096,512,8,69168,69760,PASS,PASS
30,ACT-000129,KID-006,4096,512,8,69168,69760,PASS,PASS
